"Path","Identity","AccessType","Rights","Inheritance"
"Y:\ttbntfile1\shared\appsdata\groups\24?HospitalFacilitiesEngineering\001 Transition Documents","TONNANDBLANK\AVD Test Users","Allow","FullControl","True"
"Y:\ttbntfile1\shared\appsdata\groups\24?HospitalFacilitiesEngineering\001 Transition Documents","TONNANDBLANK\Domain Admins","Allow","FullControl","True"
"Y:\ttbntfile1\shared\appsdata\groups\24?HospitalFacilitiesEngineering\001 Transition Documents","CREATOR OWNER","Allow","FullControl","True"
"Y:\ttbntfile1\shared\appsdata\groups\24?HospitalFacilitiesEngineering\001 Transition Documents","BUILTIN\Administrators","Allow","FullControl","True"
"Y:\ttbntfile1\shared\appsdata\groups\24?HospitalFacilitiesEngineering\001 Transition Documents","NT AUTHORITY\SYSTEM","Allow","FullControl","True"
"Y:\ttbntfile1\shared\appsdata\groups\24?HospitalFacilitiesEngineering\2021 Budget","TONNANDBLANK\AVD Test Users","Allow","FullControl","True"
"Y:\ttbntfile1\shared\appsdata\groups\24?HospitalFacilitiesEngineering\2021 Budget","TONNANDBLANK\Domain Admins","Allow","FullControl","True"
"Y:\ttbntfile1\shared\appsdata\groups\24?HospitalFacilitiesEngineering\2021 Budget","CREATOR OWNER","Allow","FullControl","True"
"Y:\ttbntfile1\shared\appsdata\groups\24?HospitalFacilitiesEngineering\2021 Budget","BUILTIN\Administrators","Allow","FullControl","True"
"Y:\ttbntfile1\shared\appsdata\groups\24?HospitalFacilitiesEngineering\2021 Budget","NT AUTHORITY\SYSTEM","Allow","FullControl","True"
"Y:\ttbntfile1\shared\appsdata\groups\24?HospitalFacilitiesEngineering\Analytics","TONNANDBLANK\AVD Test Users","Allow","FullControl","True"
"Y:\ttbntfile1\shared\appsdata\groups\24?HospitalFacilitiesEngineering\Analytics","TONNANDBLANK\Domain Admins","Allow","FullControl","True"
"Y:\ttbntfile1\shared\appsdata\groups\24?HospitalFacilitiesEngineering\Analytics","CREATOR OWNER","Allow","FullControl","True"
"Y:\ttbntfile1\shared\appsdata\groups\24?HospitalFacilitiesEngineering\Analytics","BUILTIN\Administrators","Allow","FullControl","True"
"Y:\ttbntfile1\shared\appsdata\groups\24?HospitalFacilitiesEngineering\Analytics","NT AUTHORITY\SYSTEM","Allow","FullControl","True"
"Y:\ttbntfile1\shared\appsdata\groups\24?HospitalFacilitiesEngineering\Benchmarking","TONNANDBLANK\AVD Test Users","Allow","FullControl","True"
"Y:\ttbntfile1\shared\appsdata\groups\24?HospitalFacilitiesEngineering\Benchmarking","TONNANDBLANK\Domain Admins","Allow","FullControl","True"
"Y:\ttbntfile1\shared\appsdata\groups\24?HospitalFacilitiesEngineering\Benchmarking","CREATOR OWNER","Allow","FullControl","True"
"Y:\ttbntfile1\shared\appsdata\groups\24?HospitalFacilitiesEngineering\Benchmarking","BUILTIN\Administrators","Allow","FullControl","True"
"Y:\ttbntfile1\shared\appsdata\groups\24?HospitalFacilitiesEngineering\Benchmarking","NT AUTHORITY\SYSTEM","Allow","FullControl","True"
"Y:\ttbntfile1\shared\appsdata\groups\24?HospitalFacilitiesEngineering\Benchmarks","TONNANDBLANK\AVD Test Users","Allow","FullControl","True"
"Y:\ttbntfile1\shared\appsdata\groups\24?HospitalFacilitiesEngineering\Benchmarks","TONNANDBLANK\Domain Admins","Allow","FullControl","True"
"Y:\ttbntfile1\shared\appsdata\groups\24?HospitalFacilitiesEngineering\Benchmarks","CREATOR OWNER","Allow","FullControl","True"
"Y:\ttbntfile1\shared\appsdata\groups\24?HospitalFacilitiesEngineering\Benchmarks","BUILTIN\Administrators","Allow","FullControl","True"
"Y:\ttbntfile1\shared\appsdata\groups\24?HospitalFacilitiesEngineering\Benchmarks","NT AUTHORITY\SYSTEM","Allow","FullControl","True"
"Y:\ttbntfile1\shared\appsdata\groups\24?HospitalFacilitiesEngineering\Benefits and Forms","TONNANDBLANK\AVD Test Users","Allow","FullControl","True"
"Y:\ttbntfile1\shared\appsdata\groups\24?HospitalFacilitiesEngineering\Benefits and Forms","TONNANDBLANK\Domain Admins","Allow","FullControl","True"
"Y:\ttbntfile1\shared\appsdata\groups\24?HospitalFacilitiesEngineering\Benefits and Forms","CREATOR OWNER","Allow","FullControl","True"
"Y:\ttbntfile1\shared\appsdata\groups\24?HospitalFacilitiesEngineering\Benefits and Forms","BUILTIN\Administrators","Allow","FullControl","True"
"Y:\ttbntfile1\shared\appsdata\groups\24?HospitalFacilitiesEngineering\Benefits and Forms","NT AUTHORITY\SYSTEM","Allow","FullControl","True"
"Y:\ttbntfile1\shared\appsdata\groups\24?HospitalFacilitiesEngineering\Capital Planning","TONNANDBLANK\AVD Test Users","Allow","FullControl","True"
"Y:\ttbntfile1\shared\appsdata\groups\24?HospitalFacilitiesEngineering\Capital Planning","TONNANDBLANK\Domain Admins","Allow","FullControl","True"
"Y:\ttbntfile1\shared\appsdata\groups\24?HospitalFacilitiesEngineering\Capital Planning","CREATOR OWNER","Allow","FullControl","True"
"Y:\ttbntfile1\shared\appsdata\groups\24?HospitalFacilitiesEngineering\Capital Planning","BUILTIN\Administrators","Allow","FullControl","True"
"Y:\ttbntfile1\shared\appsdata\groups\24?HospitalFacilitiesEngineering\Capital Planning","NT AUTHORITY\SYSTEM","Allow","FullControl","True"
"Y:\ttbntfile1\shared\appsdata\groups\24?HospitalFacilitiesEngineering\Clinical Engineering","TONNANDBLANK\AVD Test Users","Allow","FullControl","True"
"Y:\ttbntfile1\shared\appsdata\groups\24?HospitalFacilitiesEngineering\Clinical Engineering","TONNANDBLANK\Domain Admins","Allow","FullControl","True"
"Y:\ttbntfile1\shared\appsdata\groups\24?HospitalFacilitiesEngineering\Clinical Engineering","CREATOR OWNER","Allow","FullControl","True"
"Y:\ttbntfile1\shared\appsdata\groups\24?HospitalFacilitiesEngineering\Clinical Engineering","BUILTIN\Administrators","Allow","FullControl","True"
"Y:\ttbntfile1\shared\appsdata\groups\24?HospitalFacilitiesEngineering\Clinical Engineering","NT AUTHORITY\SYSTEM","Allow","FullControl","True"
"Y:\ttbntfile1\shared\appsdata\groups\24?HospitalFacilitiesEngineering\CMMS","TONNANDBLANK\AVD Test Users","Allow","FullControl","True"
"Y:\ttbntfile1\shared\appsdata\groups\24?HospitalFacilitiesEngineering\CMMS","TONNANDBLANK\Domain Admins","Allow","FullControl","True"
"Y:\ttbntfile1\shared\appsdata\groups\24?HospitalFacilitiesEngineering\CMMS","CREATOR OWNER","Allow","FullControl","True"
"Y:\ttbntfile1\shared\appsdata\groups\24?HospitalFacilitiesEngineering\CMMS","BUILTIN\Administrators","Allow","FullControl","True"
"Y:\ttbntfile1\shared\appsdata\groups\24?HospitalFacilitiesEngineering\CMMS","NT AUTHORITY\SYSTEM","Allow","FullControl","True"
"Y:\ttbntfile1\shared\appsdata\groups\24?HospitalFacilitiesEngineering\Corporate Communications","TONNANDBLANK\AVD Test Users","Allow","FullControl","True"
"Y:\ttbntfile1\shared\appsdata\groups\24?HospitalFacilitiesEngineering\Corporate Communications","TONNANDBLANK\Domain Admins","Allow","FullControl","True"
"Y:\ttbntfile1\shared\appsdata\groups\24?HospitalFacilitiesEngineering\Corporate Communications","CREATOR OWNER","Allow","FullControl","True"
"Y:\ttbntfile1\shared\appsdata\groups\24?HospitalFacilitiesEngineering\Corporate Communications","BUILTIN\Administrators","Allow","FullControl","True"
"Y:\ttbntfile1\shared\appsdata\groups\24?HospitalFacilitiesEngineering\Corporate Communications","NT AUTHORITY\SYSTEM","Allow","FullControl","True"
"Y:\ttbntfile1\shared\appsdata\groups\24?HospitalFacilitiesEngineering\COVID","TONNANDBLANK\AVD Test Users","Allow","FullControl","True"
"Y:\ttbntfile1\shared\appsdata\groups\24?HospitalFacilitiesEngineering\COVID","TONNANDBLANK\Domain Admins","Allow","FullControl","True"
"Y:\ttbntfile1\shared\appsdata\groups\24?HospitalFacilitiesEngineering\COVID","CREATOR OWNER","Allow","FullControl","True"
"Y:\ttbntfile1\shared\appsdata\groups\24?HospitalFacilitiesEngineering\COVID","BUILTIN\Administrators","Allow","FullControl","True"
"Y:\ttbntfile1\shared\appsdata\groups\24?HospitalFacilitiesEngineering\COVID","NT AUTHORITY\SYSTEM","Allow","FullControl","True"
"Y:\ttbntfile1\shared\appsdata\groups\24?HospitalFacilitiesEngineering\Facilities Goals","TONNANDBLANK\AVD Test Users","Allow","FullControl","True"
"Y:\ttbntfile1\shared\appsdata\groups\24?HospitalFacilitiesEngineering\Facilities Goals","TONNANDBLANK\Domain Admins","Allow","FullControl","True"
"Y:\ttbntfile1\shared\appsdata\groups\24?HospitalFacilitiesEngineering\Facilities Goals","CREATOR OWNER","Allow","FullControl","True"
"Y:\ttbntfile1\shared\appsdata\groups\24?HospitalFacilitiesEngineering\Facilities Goals","BUILTIN\Administrators","Allow","FullControl","True"
"Y:\ttbntfile1\shared\appsdata\groups\24?HospitalFacilitiesEngineering\Facilities Goals","NT AUTHORITY\SYSTEM","Allow","FullControl","True"
"Y:\ttbntfile1\shared\appsdata\groups\24?HospitalFacilitiesEngineering\Facilities Leadership Meetings","TONNANDBLANK\AVD Test Users","Allow","FullControl","True"
"Y:\ttbntfile1\shared\appsdata\groups\24?HospitalFacilitiesEngineering\Facilities Leadership Meetings","TONNANDBLANK\Domain Admins","Allow","FullControl","True"
"Y:\ttbntfile1\shared\appsdata\groups\24?HospitalFacilitiesEngineering\Facilities Leadership Meetings","CREATOR OWNER","Allow","FullControl","True"
"Y:\ttbntfile1\shared\appsdata\groups\24?HospitalFacilitiesEngineering\Facilities Leadership Meetings","BUILTIN\Administrators","Allow","FullControl","True"
"Y:\ttbntfile1\shared\appsdata\groups\24?HospitalFacilitiesEngineering\Facilities Leadership Meetings","NT AUTHORITY\SYSTEM","Allow","FullControl","True"
"Y:\ttbntfile1\shared\appsdata\groups\24?HospitalFacilitiesEngineering\Facilities Reporting","TONNANDBLANK\AVD Test Users","Allow","FullControl","True"
"Y:\ttbntfile1\shared\appsdata\groups\24?HospitalFacilitiesEngineering\Facilities Reporting","TONNANDBLANK\Domain Admins","Allow","FullControl","True"
"Y:\ttbntfile1\shared\appsdata\groups\24?HospitalFacilitiesEngineering\Facilities Reporting","CREATOR OWNER","Allow","FullControl","True"
"Y:\ttbntfile1\shared\appsdata\groups\24?HospitalFacilitiesEngineering\Facilities Reporting","BUILTIN\Administrators","Allow","FullControl","True"
"Y:\ttbntfile1\shared\appsdata\groups\24?HospitalFacilitiesEngineering\Facilities Reporting","NT AUTHORITY\SYSTEM","Allow","FullControl","True"
"Y:\ttbntfile1\shared\appsdata\groups\24?HospitalFacilitiesEngineering\FH Info","TONNANDBLANK\AVD Test Users","Allow","FullControl","True"
"Y:\ttbntfile1\shared\appsdata\groups\24?HospitalFacilitiesEngineering\FH Info","TONNANDBLANK\Domain Admins","Allow","FullControl","True"
"Y:\ttbntfile1\shared\appsdata\groups\24?HospitalFacilitiesEngineering\FH Info","CREATOR OWNER","Allow","FullControl","True"
"Y:\ttbntfile1\shared\appsdata\groups\24?HospitalFacilitiesEngineering\FH Info","BUILTIN\Administrators","Allow","FullControl","True"
"Y:\ttbntfile1\shared\appsdata\groups\24?HospitalFacilitiesEngineering\FH Info","NT AUTHORITY\SYSTEM","Allow","FullControl","True"
"Y:\ttbntfile1\shared\appsdata\groups\24?HospitalFacilitiesEngineering\Franciscan Ethics","TONNANDBLANK\AVD Test Users","Allow","FullControl","True"
"Y:\ttbntfile1\shared\appsdata\groups\24?HospitalFacilitiesEngineering\Franciscan Ethics","TONNANDBLANK\Domain Admins","Allow","FullControl","True"
"Y:\ttbntfile1\shared\appsdata\groups\24?HospitalFacilitiesEngineering\Franciscan Ethics","CREATOR OWNER","Allow","FullControl","True"
"Y:\ttbntfile1\shared\appsdata\groups\24?HospitalFacilitiesEngineering\Franciscan Ethics","BUILTIN\Administrators","Allow","FullControl","True"
"Y:\ttbntfile1\shared\appsdata\groups\24?HospitalFacilitiesEngineering\Franciscan Ethics","NT AUTHORITY\SYSTEM","Allow","FullControl","True"
"Y:\ttbntfile1\shared\appsdata\groups\24?HospitalFacilitiesEngineering\Franciscan Projects","TONNANDBLANK\AVD Test Users","Allow","FullControl","True"
"Y:\ttbntfile1\shared\appsdata\groups\24?HospitalFacilitiesEngineering\Franciscan Projects","TONNANDBLANK\Domain Admins","Allow","FullControl","True"
"Y:\ttbntfile1\shared\appsdata\groups\24?HospitalFacilitiesEngineering\Franciscan Projects","CREATOR OWNER","Allow","FullControl","True"
"Y:\ttbntfile1\shared\appsdata\groups\24?HospitalFacilitiesEngineering\Franciscan Projects","BUILTIN\Administrators","Allow","FullControl","True"
"Y:\ttbntfile1\shared\appsdata\groups\24?HospitalFacilitiesEngineering\Franciscan Projects","NT AUTHORITY\SYSTEM","Allow","FullControl","True"
"Y:\ttbntfile1\shared\appsdata\groups\24?HospitalFacilitiesEngineering\Franciscan Transformation","TONNANDBLANK\AVD Test Users","Allow","FullControl","True"
"Y:\ttbntfile1\shared\appsdata\groups\24?HospitalFacilitiesEngineering\Franciscan Transformation","TONNANDBLANK\Domain Admins","Allow","FullControl","True"
"Y:\ttbntfile1\shared\appsdata\groups\24?HospitalFacilitiesEngineering\Franciscan Transformation","CREATOR OWNER","Allow","FullControl","True"
"Y:\ttbntfile1\shared\appsdata\groups\24?HospitalFacilitiesEngineering\Franciscan Transformation","BUILTIN\Administrators","Allow","FullControl","True"
"Y:\ttbntfile1\shared\appsdata\groups\24?HospitalFacilitiesEngineering\Franciscan Transformation","NT AUTHORITY\SYSTEM","Allow","FullControl","True"
"Y:\ttbntfile1\shared\appsdata\groups\24?HospitalFacilitiesEngineering\HealthTrust","TONNANDBLANK\AVD Test Users","Allow","FullControl","True"
"Y:\ttbntfile1\shared\appsdata\groups\24?HospitalFacilitiesEngineering\HealthTrust","TONNANDBLANK\Domain Admins","Allow","FullControl","True"
"Y:\ttbntfile1\shared\appsdata\groups\24?HospitalFacilitiesEngineering\HealthTrust","CREATOR OWNER","Allow","FullControl","True"
"Y:\ttbntfile1\shared\appsdata\groups\24?HospitalFacilitiesEngineering\HealthTrust","BUILTIN\Administrators","Allow","FullControl","True"
"Y:\ttbntfile1\shared\appsdata\groups\24?HospitalFacilitiesEngineering\HealthTrust","NT AUTHORITY\SYSTEM","Allow","FullControl","True"
"Y:\ttbntfile1\shared\appsdata\groups\24?HospitalFacilitiesEngineering\HFAP","TONNANDBLANK\AVD Test Users","Allow","FullControl","True"
"Y:\ttbntfile1\shared\appsdata\groups\24?HospitalFacilitiesEngineering\HFAP","TONNANDBLANK\Domain Admins","Allow","FullControl","True"
"Y:\ttbntfile1\shared\appsdata\groups\24?HospitalFacilitiesEngineering\HFAP","CREATOR OWNER","Allow","FullControl","True"
"Y:\ttbntfile1\shared\appsdata\groups\24?HospitalFacilitiesEngineering\HFAP","BUILTIN\Administrators","Allow","FullControl","True"
"Y:\ttbntfile1\shared\appsdata\groups\24?HospitalFacilitiesEngineering\HFAP","NT AUTHORITY\SYSTEM","Allow","FullControl","True"
"Y:\ttbntfile1\shared\appsdata\groups\24?HospitalFacilitiesEngineering\Incidents","TONNANDBLANK\AVD Test Users","Allow","FullControl","True"
"Y:\ttbntfile1\shared\appsdata\groups\24?HospitalFacilitiesEngineering\Incidents","TONNANDBLANK\Domain Admins","Allow","FullControl","True"
"Y:\ttbntfile1\shared\appsdata\groups\24?HospitalFacilitiesEngineering\Incidents","CREATOR OWNER","Allow","FullControl","True"
"Y:\ttbntfile1\shared\appsdata\groups\24?HospitalFacilitiesEngineering\Incidents","BUILTIN\Administrators","Allow","FullControl","True"
"Y:\ttbntfile1\shared\appsdata\groups\24?HospitalFacilitiesEngineering\Incidents","NT AUTHORITY\SYSTEM","Allow","FullControl","True"
"Y:\ttbntfile1\shared\appsdata\groups\24?HospitalFacilitiesEngineering\Leadership FollowUp","TONNANDBLANK\AVD Test Users","Allow","FullControl","True"
"Y:\ttbntfile1\shared\appsdata\groups\24?HospitalFacilitiesEngineering\Leadership FollowUp","TONNANDBLANK\Domain Admins","Allow","FullControl","True"
"Y:\ttbntfile1\shared\appsdata\groups\24?HospitalFacilitiesEngineering\Leadership FollowUp","CREATOR OWNER","Allow","FullControl","True"
"Y:\ttbntfile1\shared\appsdata\groups\24?HospitalFacilitiesEngineering\Leadership FollowUp","BUILTIN\Administrators","Allow","FullControl","True"
"Y:\ttbntfile1\shared\appsdata\groups\24?HospitalFacilitiesEngineering\Leadership FollowUp","NT AUTHORITY\SYSTEM","Allow","FullControl","True"
"Y:\ttbntfile1\shared\appsdata\groups\24?HospitalFacilitiesEngineering\Quality Improvement","TONNANDBLANK\AVD Test Users","Allow","FullControl","True"
"Y:\ttbntfile1\shared\appsdata\groups\24?HospitalFacilitiesEngineering\Quality Improvement","TONNANDBLANK\Domain Admins","Allow","FullControl","True"
"Y:\ttbntfile1\shared\appsdata\groups\24?HospitalFacilitiesEngineering\Quality Improvement","CREATOR OWNER","Allow","FullControl","True"
"Y:\ttbntfile1\shared\appsdata\groups\24?HospitalFacilitiesEngineering\Quality Improvement","BUILTIN\Administrators","Allow","FullControl","True"
"Y:\ttbntfile1\shared\appsdata\groups\24?HospitalFacilitiesEngineering\Quality Improvement","NT AUTHORITY\SYSTEM","Allow","FullControl","True"
"Y:\ttbntfile1\shared\appsdata\groups\24?HospitalFacilitiesEngineering\Site Files-Trackers","TONNANDBLANK\AVD Test Users","Allow","FullControl","True"
"Y:\ttbntfile1\shared\appsdata\groups\24?HospitalFacilitiesEngineering\Site Files-Trackers","TONNANDBLANK\Domain Admins","Allow","FullControl","True"
"Y:\ttbntfile1\shared\appsdata\groups\24?HospitalFacilitiesEngineering\Site Files-Trackers","CREATOR OWNER","Allow","FullControl","True"
"Y:\ttbntfile1\shared\appsdata\groups\24?HospitalFacilitiesEngineering\Site Files-Trackers","BUILTIN\Administrators","Allow","FullControl","True"
"Y:\ttbntfile1\shared\appsdata\groups\24?HospitalFacilitiesEngineering\Site Files-Trackers","NT AUTHORITY\SYSTEM","Allow","FullControl","True"
"Y:\ttbntfile1\shared\appsdata\groups\24?HospitalFacilitiesEngineering\Steris OR Info","TONNANDBLANK\AVD Test Users","Allow","FullControl","True"
"Y:\ttbntfile1\shared\appsdata\groups\24?HospitalFacilitiesEngineering\Steris OR Info","TONNANDBLANK\Domain Admins","Allow","FullControl","True"
"Y:\ttbntfile1\shared\appsdata\groups\24?HospitalFacilitiesEngineering\Steris OR Info","CREATOR OWNER","Allow","FullControl","True"
"Y:\ttbntfile1\shared\appsdata\groups\24?HospitalFacilitiesEngineering\Steris OR Info","BUILTIN\Administrators","Allow","FullControl","True"
"Y:\ttbntfile1\shared\appsdata\groups\24?HospitalFacilitiesEngineering\Steris OR Info","NT AUTHORITY\SYSTEM","Allow","FullControl","True"
"Y:\ttbntfile1\shared\appsdata\groups\24?HospitalFacilitiesEngineering\Strategy and Planning","TONNANDBLANK\AVD Test Users","Allow","FullControl","True"
"Y:\ttbntfile1\shared\appsdata\groups\24?HospitalFacilitiesEngineering\Strategy and Planning","TONNANDBLANK\Domain Admins","Allow","FullControl","True"
"Y:\ttbntfile1\shared\appsdata\groups\24?HospitalFacilitiesEngineering\Strategy and Planning","CREATOR OWNER","Allow","FullControl","True"
"Y:\ttbntfile1\shared\appsdata\groups\24?HospitalFacilitiesEngineering\Strategy and Planning","BUILTIN\Administrators","Allow","FullControl","True"
"Y:\ttbntfile1\shared\appsdata\groups\24?HospitalFacilitiesEngineering\Strategy and Planning","NT AUTHORITY\SYSTEM","Allow","FullControl","True"
"Y:\ttbntfile1\shared\appsdata\groups\24?HospitalFacilitiesEngineering\Tonn and Blank","TONNANDBLANK\AVD Test Users","Allow","FullControl","True"
"Y:\ttbntfile1\shared\appsdata\groups\24?HospitalFacilitiesEngineering\Tonn and Blank","TONNANDBLANK\Domain Admins","Allow","FullControl","True"
"Y:\ttbntfile1\shared\appsdata\groups\24?HospitalFacilitiesEngineering\Tonn and Blank","CREATOR OWNER","Allow","FullControl","True"
"Y:\ttbntfile1\shared\appsdata\groups\24?HospitalFacilitiesEngineering\Tonn and Blank","BUILTIN\Administrators","Allow","FullControl","True"
"Y:\ttbntfile1\shared\appsdata\groups\24?HospitalFacilitiesEngineering\Tonn and Blank","NT AUTHORITY\SYSTEM","Allow","FullControl","True"
"Y:\ttbntfile1\shared\appsdata\groups\24?HospitalFacilitiesEngineering\University Relationships","TONNANDBLANK\AVD Test Users","Allow","FullControl","True"
"Y:\ttbntfile1\shared\appsdata\groups\24?HospitalFacilitiesEngineering\University Relationships","TONNANDBLANK\Domain Admins","Allow","FullControl","True"
"Y:\ttbntfile1\shared\appsdata\groups\24?HospitalFacilitiesEngineering\University Relationships","CREATOR OWNER","Allow","FullControl","True"
"Y:\ttbntfile1\shared\appsdata\groups\24?HospitalFacilitiesEngineering\University Relationships","BUILTIN\Administrators","Allow","FullControl","True"
"Y:\ttbntfile1\shared\appsdata\groups\24?HospitalFacilitiesEngineering\University Relationships","NT AUTHORITY\SYSTEM","Allow","FullControl","True"
"Y:\ttbntfile1\shared\appsdata\groups\24?HospitalFacilitiesEngineering\WorkDay","TONNANDBLANK\AVD Test Users","Allow","FullControl","True"
"Y:\ttbntfile1\shared\appsdata\groups\24?HospitalFacilitiesEngineering\WorkDay","TONNANDBLANK\Domain Admins","Allow","FullControl","True"
"Y:\ttbntfile1\shared\appsdata\groups\24?HospitalFacilitiesEngineering\WorkDay","CREATOR OWNER","Allow","FullControl","True"
"Y:\ttbntfile1\shared\appsdata\groups\24?HospitalFacilitiesEngineering\WorkDay","BUILTIN\Administrators","Allow","FullControl","True"
"Y:\ttbntfile1\shared\appsdata\groups\24?HospitalFacilitiesEngineering\WorkDay","NT AUTHORITY\SYSTEM","Allow","FullControl","True"
"Y:\ttbntfile1\shared\appsdata\groups\24?HospitalFacilitiesEngineering\2021 Budget\April Actual Expense","TONNANDBLANK\AVD Test Users","Allow","FullControl","True"
"Y:\ttbntfile1\shared\appsdata\groups\24?HospitalFacilitiesEngineering\2021 Budget\April Actual Expense","TONNANDBLANK\Domain Admins","Allow","FullControl","True"
"Y:\ttbntfile1\shared\appsdata\groups\24?HospitalFacilitiesEngineering\2021 Budget\April Actual Expense","CREATOR OWNER","Allow","FullControl","True"
"Y:\ttbntfile1\shared\appsdata\groups\24?HospitalFacilitiesEngineering\2021 Budget\April Actual Expense","BUILTIN\Administrators","Allow","FullControl","True"
"Y:\ttbntfile1\shared\appsdata\groups\24?HospitalFacilitiesEngineering\2021 Budget\April Actual Expense","NT AUTHORITY\SYSTEM","Allow","FullControl","True"
"Y:\ttbntfile1\shared\appsdata\groups\24?HospitalFacilitiesEngineering\2021 Budget\Expenses Only","TONNANDBLANK\AVD Test Users","Allow","FullControl","True"
"Y:\ttbntfile1\shared\appsdata\groups\24?HospitalFacilitiesEngineering\2021 Budget\Expenses Only","TONNANDBLANK\Domain Admins","Allow","FullControl","True"
"Y:\ttbntfile1\shared\appsdata\groups\24?HospitalFacilitiesEngineering\2021 Budget\Expenses Only","CREATOR OWNER","Allow","FullControl","True"
"Y:\ttbntfile1\shared\appsdata\groups\24?HospitalFacilitiesEngineering\2021 Budget\Expenses Only","BUILTIN\Administrators","Allow","FullControl","True"
"Y:\ttbntfile1\shared\appsdata\groups\24?HospitalFacilitiesEngineering\2021 Budget\Expenses Only","NT AUTHORITY\SYSTEM","Allow","FullControl","True"
"Y:\ttbntfile1\shared\appsdata\groups\24?HospitalFacilitiesEngineering\Benchmarking\Franciscan Health","TONNANDBLANK\AVD Test Users","Allow","FullControl","True"
"Y:\ttbntfile1\shared\appsdata\groups\24?HospitalFacilitiesEngineering\Benchmarking\Franciscan Health","TONNANDBLANK\Domain Admins","Allow","FullControl","True"
"Y:\ttbntfile1\shared\appsdata\groups\24?HospitalFacilitiesEngineering\Benchmarking\Franciscan Health","CREATOR OWNER","Allow","FullControl","True"
"Y:\ttbntfile1\shared\appsdata\groups\24?HospitalFacilitiesEngineering\Benchmarking\Franciscan Health","BUILTIN\Administrators","Allow","FullControl","True"
"Y:\ttbntfile1\shared\appsdata\groups\24?HospitalFacilitiesEngineering\Benchmarking\Franciscan Health","NT AUTHORITY\SYSTEM","Allow","FullControl","True"
"Y:\ttbntfile1\shared\appsdata\groups\24?HospitalFacilitiesEngineering\Clinical Engineering\Ben Esslinger - Hughes Award","TONNANDBLANK\AVD Test Users","Allow","FullControl","True"
"Y:\ttbntfile1\shared\appsdata\groups\24?HospitalFacilitiesEngineering\Clinical Engineering\Ben Esslinger - Hughes Award","TONNANDBLANK\Domain Admins","Allow","FullControl","True"
"Y:\ttbntfile1\shared\appsdata\groups\24?HospitalFacilitiesEngineering\Clinical Engineering\Ben Esslinger - Hughes Award","CREATOR OWNER","Allow","FullControl","True"
"Y:\ttbntfile1\shared\appsdata\groups\24?HospitalFacilitiesEngineering\Clinical Engineering\Ben Esslinger - Hughes Award","BUILTIN\Administrators","Allow","FullControl","True"
"Y:\ttbntfile1\shared\appsdata\groups\24?HospitalFacilitiesEngineering\Clinical Engineering\Ben Esslinger - Hughes Award","NT AUTHORITY\SYSTEM","Allow","FullControl","True"
"Y:\ttbntfile1\shared\appsdata\groups\24?HospitalFacilitiesEngineering\Clinical Engineering\HTLC","TONNANDBLANK\AVD Test Users","Allow","FullControl","True"
"Y:\ttbntfile1\shared\appsdata\groups\24?HospitalFacilitiesEngineering\Clinical Engineering\HTLC","TONNANDBLANK\Domain Admins","Allow","FullControl","True"
"Y:\ttbntfile1\shared\appsdata\groups\24?HospitalFacilitiesEngineering\Clinical Engineering\HTLC","CREATOR OWNER","Allow","FullControl","True"
"Y:\ttbntfile1\shared\appsdata\groups\24?HospitalFacilitiesEngineering\Clinical Engineering\HTLC","BUILTIN\Administrators","Allow","FullControl","True"
"Y:\ttbntfile1\shared\appsdata\groups\24?HospitalFacilitiesEngineering\Clinical Engineering\HTLC","NT AUTHORITY\SYSTEM","Allow","FullControl","True"
"Y:\ttbntfile1\shared\appsdata\groups\24?HospitalFacilitiesEngineering\CMMS\Asset Lists","TONNANDBLANK\AVD Test Users","Allow","FullControl","True"
"Y:\ttbntfile1\shared\appsdata\groups\24?HospitalFacilitiesEngineering\CMMS\Asset Lists","TONNANDBLANK\Domain Admins","Allow","FullControl","True"
"Y:\ttbntfile1\shared\appsdata\groups\24?HospitalFacilitiesEngineering\CMMS\Asset Lists","CREATOR OWNER","Allow","FullControl","True"
"Y:\ttbntfile1\shared\appsdata\groups\24?HospitalFacilitiesEngineering\CMMS\Asset Lists","BUILTIN\Administrators","Allow","FullControl","True"
"Y:\ttbntfile1\shared\appsdata\groups\24?HospitalFacilitiesEngineering\CMMS\Asset Lists","NT AUTHORITY\SYSTEM","Allow","FullControl","True"
"Y:\ttbntfile1\shared\appsdata\groups\24?HospitalFacilitiesEngineering\CMMS\Templates for Data Load","TONNANDBLANK\AVD Test Users","Allow","FullControl","True"
"Y:\ttbntfile1\shared\appsdata\groups\24?HospitalFacilitiesEngineering\CMMS\Templates for Data Load","TONNANDBLANK\Domain Admins","Allow","FullControl","True"
"Y:\ttbntfile1\shared\appsdata\groups\24?HospitalFacilitiesEngineering\CMMS\Templates for Data Load","CREATOR OWNER","Allow","FullControl","True"
"Y:\ttbntfile1\shared\appsdata\groups\24?HospitalFacilitiesEngineering\CMMS\Templates for Data Load","BUILTIN\Administrators","Allow","FullControl","True"
"Y:\ttbntfile1\shared\appsdata\groups\24?HospitalFacilitiesEngineering\CMMS\Templates for Data Load","NT AUTHORITY\SYSTEM","Allow","FullControl","True"
"Y:\ttbntfile1\shared\appsdata\groups\24?HospitalFacilitiesEngineering\CMMS\User Roles","TONNANDBLANK\AVD Test Users","Allow","FullControl","True"
"Y:\ttbntfile1\shared\appsdata\groups\24?HospitalFacilitiesEngineering\CMMS\User Roles","TONNANDBLANK\Domain Admins","Allow","FullControl","True"
"Y:\ttbntfile1\shared\appsdata\groups\24?HospitalFacilitiesEngineering\CMMS\User Roles","CREATOR OWNER","Allow","FullControl","True"
"Y:\ttbntfile1\shared\appsdata\groups\24?HospitalFacilitiesEngineering\CMMS\User Roles","BUILTIN\Administrators","Allow","FullControl","True"
"Y:\ttbntfile1\shared\appsdata\groups\24?HospitalFacilitiesEngineering\CMMS\User Roles","NT AUTHORITY\SYSTEM","Allow","FullControl","True"
"Y:\ttbntfile1\shared\appsdata\groups\24?HospitalFacilitiesEngineering\COVID\Corporate COVID Response Team","TONNANDBLANK\AVD Test Users","Allow","FullControl","True"
"Y:\ttbntfile1\shared\appsdata\groups\24?HospitalFacilitiesEngineering\COVID\Corporate COVID Response Team","TONNANDBLANK\Domain Admins","Allow","FullControl","True"
"Y:\ttbntfile1\shared\appsdata\groups\24?HospitalFacilitiesEngineering\COVID\Corporate COVID Response Team","CREATOR OWNER","Allow","FullControl","True"
"Y:\ttbntfile1\shared\appsdata\groups\24?HospitalFacilitiesEngineering\COVID\Corporate COVID Response Team","BUILTIN\Administrators","Allow","FullControl","True"
"Y:\ttbntfile1\shared\appsdata\groups\24?HospitalFacilitiesEngineering\COVID\Corporate COVID Response Team","NT AUTHORITY\SYSTEM","Allow","FullControl","True"
"Y:\ttbntfile1\shared\appsdata\groups\24?HospitalFacilitiesEngineering\Facilities Leadership Meetings\2020","TONNANDBLANK\AVD Test Users","Allow","FullControl","True"
"Y:\ttbntfile1\shared\appsdata\groups\24?HospitalFacilitiesEngineering\Facilities Leadership Meetings\2020","TONNANDBLANK\Domain Admins","Allow","FullControl","True"
"Y:\ttbntfile1\shared\appsdata\groups\24?HospitalFacilitiesEngineering\Facilities Leadership Meetings\2020","CREATOR OWNER","Allow","FullControl","True"
"Y:\ttbntfile1\shared\appsdata\groups\24?HospitalFacilitiesEngineering\Facilities Leadership Meetings\2020","BUILTIN\Administrators","Allow","FullControl","True"
"Y:\ttbntfile1\shared\appsdata\groups\24?HospitalFacilitiesEngineering\Facilities Leadership Meetings\2020","NT AUTHORITY\SYSTEM","Allow","FullControl","True"
"Y:\ttbntfile1\shared\appsdata\groups\24?HospitalFacilitiesEngineering\Facilities Leadership Meetings\2021","TONNANDBLANK\AVD Test Users","Allow","FullControl","True"
"Y:\ttbntfile1\shared\appsdata\groups\24?HospitalFacilitiesEngineering\Facilities Leadership Meetings\2021","TONNANDBLANK\Domain Admins","Allow","FullControl","True"
"Y:\ttbntfile1\shared\appsdata\groups\24?HospitalFacilitiesEngineering\Facilities Leadership Meetings\2021","CREATOR OWNER","Allow","FullControl","True"
"Y:\ttbntfile1\shared\appsdata\groups\24?HospitalFacilitiesEngineering\Facilities Leadership Meetings\2021","BUILTIN\Administrators","Allow","FullControl","True"
"Y:\ttbntfile1\shared\appsdata\groups\24?HospitalFacilitiesEngineering\Facilities Leadership Meetings\2021","NT AUTHORITY\SYSTEM","Allow","FullControl","True"
"Y:\ttbntfile1\shared\appsdata\groups\24?HospitalFacilitiesEngineering\FH Info\Budgets and Actuals","TONNANDBLANK\AVD Test Users","Allow","FullControl","True"
"Y:\ttbntfile1\shared\appsdata\groups\24?HospitalFacilitiesEngineering\FH Info\Budgets and Actuals","TONNANDBLANK\Domain Admins","Allow","FullControl","True"
"Y:\ttbntfile1\shared\appsdata\groups\24?HospitalFacilitiesEngineering\FH Info\Budgets and Actuals","CREATOR OWNER","Allow","FullControl","True"
"Y:\ttbntfile1\shared\appsdata\groups\24?HospitalFacilitiesEngineering\FH Info\Budgets and Actuals","BUILTIN\Administrators","Allow","FullControl","True"
"Y:\ttbntfile1\shared\appsdata\groups\24?HospitalFacilitiesEngineering\FH Info\Budgets and Actuals","NT AUTHORITY\SYSTEM","Allow","FullControl","True"
"Y:\ttbntfile1\shared\appsdata\groups\24?HospitalFacilitiesEngineering\FH Info\CIR","TONNANDBLANK\AVD Test Users","Allow","FullControl","True"
"Y:\ttbntfile1\shared\appsdata\groups\24?HospitalFacilitiesEngineering\FH Info\CIR","TONNANDBLANK\Domain Admins","Allow","FullControl","True"
"Y:\ttbntfile1\shared\appsdata\groups\24?HospitalFacilitiesEngineering\FH Info\CIR","CREATOR OWNER","Allow","FullControl","True"
"Y:\ttbntfile1\shared\appsdata\groups\24?HospitalFacilitiesEngineering\FH Info\CIR","BUILTIN\Administrators","Allow","FullControl","True"
"Y:\ttbntfile1\shared\appsdata\groups\24?HospitalFacilitiesEngineering\FH Info\CIR","NT AUTHORITY\SYSTEM","Allow","FullControl","True"
"Y:\ttbntfile1\shared\appsdata\groups\24?HospitalFacilitiesEngineering\FH Info\Commissioning RFP - Asset Equipment List","TONNANDBLANK\AVD Test Users","Allow","FullControl","True"
"Y:\ttbntfile1\shared\appsdata\groups\24?HospitalFacilitiesEngineering\FH Info\Commissioning RFP - Asset Equipment List","TONNANDBLANK\Domain Admins","Allow","FullControl","True"
"Y:\ttbntfile1\shared\appsdata\groups\24?HospitalFacilitiesEngineering\FH Info\Commissioning RFP - Asset Equipment List","CREATOR OWNER","Allow","FullControl","True"
"Y:\ttbntfile1\shared\appsdata\groups\24?HospitalFacilitiesEngineering\FH Info\Commissioning RFP - Asset Equipment List","BUILTIN\Administrators","Allow","FullControl","True"
"Y:\ttbntfile1\shared\appsdata\groups\24?HospitalFacilitiesEngineering\FH Info\Commissioning RFP - Asset Equipment List","NT AUTHORITY\SYSTEM","Allow","FullControl","True"
"Y:\ttbntfile1\shared\appsdata\groups\24?HospitalFacilitiesEngineering\FH Info\Org Charts","TONNANDBLANK\AVD Test Users","Allow","FullControl","True"
"Y:\ttbntfile1\shared\appsdata\groups\24?HospitalFacilitiesEngineering\FH Info\Org Charts","TONNANDBLANK\Domain Admins","Allow","FullControl","True"
"Y:\ttbntfile1\shared\appsdata\groups\24?HospitalFacilitiesEngineering\FH Info\Org Charts","CREATOR OWNER","Allow","FullControl","True"
"Y:\ttbntfile1\shared\appsdata\groups\24?HospitalFacilitiesEngineering\FH Info\Org Charts","BUILTIN\Administrators","Allow","FullControl","True"
"Y:\ttbntfile1\shared\appsdata\groups\24?HospitalFacilitiesEngineering\FH Info\Org Charts","NT AUTHORITY\SYSTEM","Allow","FullControl","True"
"Y:\ttbntfile1\shared\appsdata\groups\24?HospitalFacilitiesEngineering\Franciscan Projects\Building Automation","TONNANDBLANK\AVD Test Users","Allow","FullControl","True"
"Y:\ttbntfile1\shared\appsdata\groups\24?HospitalFacilitiesEngineering\Franciscan Projects\Building Automation","TONNANDBLANK\Domain Admins","Allow","FullControl","True"
"Y:\ttbntfile1\shared\appsdata\groups\24?HospitalFacilitiesEngineering\Franciscan Projects\Building Automation","CREATOR OWNER","Allow","FullControl","True"
"Y:\ttbntfile1\shared\appsdata\groups\24?HospitalFacilitiesEngineering\Franciscan Projects\Building Automation","BUILTIN\Administrators","Allow","FullControl","True"
"Y:\ttbntfile1\shared\appsdata\groups\24?HospitalFacilitiesEngineering\Franciscan Projects\Building Automation","NT AUTHORITY\SYSTEM","Allow","FullControl","True"
"Y:\ttbntfile1\shared\appsdata\groups\24?HospitalFacilitiesEngineering\Franciscan Projects\Construction Project Process","TONNANDBLANK\AVD Test Users","Allow","FullControl","True"
"Y:\ttbntfile1\shared\appsdata\groups\24?HospitalFacilitiesEngineering\Franciscan Projects\Construction Project Process","TONNANDBLANK\Domain Admins","Allow","FullControl","True"
"Y:\ttbntfile1\shared\appsdata\groups\24?HospitalFacilitiesEngineering\Franciscan Projects\Construction Project Process","CREATOR OWNER","Allow","FullControl","True"
"Y:\ttbntfile1\shared\appsdata\groups\24?HospitalFacilitiesEngineering\Franciscan Projects\Construction Project Process","BUILTIN\Administrators","Allow","FullControl","True"
"Y:\ttbntfile1\shared\appsdata\groups\24?HospitalFacilitiesEngineering\Franciscan Projects\Construction Project Process","NT AUTHORITY\SYSTEM","Allow","FullControl","True"
"Y:\ttbntfile1\shared\appsdata\groups\24?HospitalFacilitiesEngineering\Franciscan Projects\Document Management","TONNANDBLANK\AVD Test Users","Allow","FullControl","True"
"Y:\ttbntfile1\shared\appsdata\groups\24?HospitalFacilitiesEngineering\Franciscan Projects\Document Management","TONNANDBLANK\Domain Admins","Allow","FullControl","True"
"Y:\ttbntfile1\shared\appsdata\groups\24?HospitalFacilitiesEngineering\Franciscan Projects\Document Management","CREATOR OWNER","Allow","FullControl","True"
"Y:\ttbntfile1\shared\appsdata\groups\24?HospitalFacilitiesEngineering\Franciscan Projects\Document Management","BUILTIN\Administrators","Allow","FullControl","True"
"Y:\ttbntfile1\shared\appsdata\groups\24?HospitalFacilitiesEngineering\Franciscan Projects\Document Management","NT AUTHORITY\SYSTEM","Allow","FullControl","True"
"Y:\ttbntfile1\shared\appsdata\groups\24?HospitalFacilitiesEngineering\Franciscan Projects\Energy Savings","TONNANDBLANK\AVD Test Users","Allow","FullControl","True"
"Y:\ttbntfile1\shared\appsdata\groups\24?HospitalFacilitiesEngineering\Franciscan Projects\Energy Savings","TONNANDBLANK\Domain Admins","Allow","FullControl","True"
"Y:\ttbntfile1\shared\appsdata\groups\24?HospitalFacilitiesEngineering\Franciscan Projects\Energy Savings","CREATOR OWNER","Allow","FullControl","True"
"Y:\ttbntfile1\shared\appsdata\groups\24?HospitalFacilitiesEngineering\Franciscan Projects\Energy Savings","BUILTIN\Administrators","Allow","FullControl","True"
"Y:\ttbntfile1\shared\appsdata\groups\24?HospitalFacilitiesEngineering\Franciscan Projects\Energy Savings","NT AUTHORITY\SYSTEM","Allow","FullControl","True"
"Y:\ttbntfile1\shared\appsdata\groups\24?HospitalFacilitiesEngineering\Franciscan Projects\Fire Suppression RFP","TONNANDBLANK\AVD Test Users","Allow","FullControl","True"
"Y:\ttbntfile1\shared\appsdata\groups\24?HospitalFacilitiesEngineering\Franciscan Projects\Fire Suppression RFP","TONNANDBLANK\Domain Admins","Allow","FullControl","True"
"Y:\ttbntfile1\shared\appsdata\groups\24?HospitalFacilitiesEngineering\Franciscan Projects\Fire Suppression RFP","CREATOR OWNER","Allow","FullControl","True"
"Y:\ttbntfile1\shared\appsdata\groups\24?HospitalFacilitiesEngineering\Franciscan Projects\Fire Suppression RFP","BUILTIN\Administrators","Allow","FullControl","True"
"Y:\ttbntfile1\shared\appsdata\groups\24?HospitalFacilitiesEngineering\Franciscan Projects\Fire Suppression RFP","NT AUTHORITY\SYSTEM","Allow","FullControl","True"
"Y:\ttbntfile1\shared\appsdata\groups\24?HospitalFacilitiesEngineering\Franciscan Projects\HMD Consolidation","TONNANDBLANK\AVD Test Users","Allow","FullControl","True"
"Y:\ttbntfile1\shared\appsdata\groups\24?HospitalFacilitiesEngineering\Franciscan Projects\HMD Consolidation","TONNANDBLANK\Domain Admins","Allow","FullControl","True"
"Y:\ttbntfile1\shared\appsdata\groups\24?HospitalFacilitiesEngineering\Franciscan Projects\HMD Consolidation","CREATOR OWNER","Allow","FullControl","True"
"Y:\ttbntfile1\shared\appsdata\groups\24?HospitalFacilitiesEngineering\Franciscan Projects\HMD Consolidation","BUILTIN\Administrators","Allow","FullControl","True"
"Y:\ttbntfile1\shared\appsdata\groups\24?HospitalFacilitiesEngineering\Franciscan Projects\HMD Consolidation","NT AUTHORITY\SYSTEM","Allow","FullControl","True"
"Y:\ttbntfile1\shared\appsdata\groups\24?HospitalFacilitiesEngineering\Franciscan Projects\Landscaping Project","TONNANDBLANK\AVD Test Users","Allow","FullControl","True"
"Y:\ttbntfile1\shared\appsdata\groups\24?HospitalFacilitiesEngineering\Franciscan Projects\Landscaping Project","TONNANDBLANK\Domain Admins","Allow","FullControl","True"
"Y:\ttbntfile1\shared\appsdata\groups\24?HospitalFacilitiesEngineering\Franciscan Projects\Landscaping Project","CREATOR OWNER","Allow","FullControl","True"
"Y:\ttbntfile1\shared\appsdata\groups\24?HospitalFacilitiesEngineering\Franciscan Projects\Landscaping Project","BUILTIN\Administrators","Allow","FullControl","True"
"Y:\ttbntfile1\shared\appsdata\groups\24?HospitalFacilitiesEngineering\Franciscan Projects\Landscaping Project","NT AUTHORITY\SYSTEM","Allow","FullControl","True"
"Y:\ttbntfile1\shared\appsdata\groups\24?HospitalFacilitiesEngineering\Franciscan Projects\New Crown Point Hospital","TONNANDBLANK\AVD Test Users","Allow","FullControl","True"
"Y:\ttbntfile1\shared\appsdata\groups\24?HospitalFacilitiesEngineering\Franciscan Projects\New Crown Point Hospital","TONNANDBLANK\Domain Admins","Allow","FullControl","True"
"Y:\ttbntfile1\shared\appsdata\groups\24?HospitalFacilitiesEngineering\Franciscan Projects\New Crown Point Hospital","CREATOR OWNER","Allow","FullControl","True"
"Y:\ttbntfile1\shared\appsdata\groups\24?HospitalFacilitiesEngineering\Franciscan Projects\New Crown Point Hospital","BUILTIN\Administrators","Allow","FullControl","True"
"Y:\ttbntfile1\shared\appsdata\groups\24?HospitalFacilitiesEngineering\Franciscan Projects\New Crown Point Hospital","NT AUTHORITY\SYSTEM","Allow","FullControl","True"
"Y:\ttbntfile1\shared\appsdata\groups\24?HospitalFacilitiesEngineering\Franciscan Projects\Position Descriptions and Comp","TONNANDBLANK\AVD Test Users","Allow","FullControl","True"
"Y:\ttbntfile1\shared\appsdata\groups\24?HospitalFacilitiesEngineering\Franciscan Projects\Position Descriptions and Comp","TONNANDBLANK\Domain Admins","Allow","FullControl","True"
"Y:\ttbntfile1\shared\appsdata\groups\24?HospitalFacilitiesEngineering\Franciscan Projects\Position Descriptions and Comp","CREATOR OWNER","Allow","FullControl","True"
"Y:\ttbntfile1\shared\appsdata\groups\24?HospitalFacilitiesEngineering\Franciscan Projects\Position Descriptions and Comp","BUILTIN\Administrators","Allow","FullControl","True"
"Y:\ttbntfile1\shared\appsdata\groups\24?HospitalFacilitiesEngineering\Franciscan Projects\Position Descriptions and Comp","NT AUTHORITY\SYSTEM","Allow","FullControl","True"
"Y:\ttbntfile1\shared\appsdata\groups\24?HospitalFacilitiesEngineering\Franciscan Projects\Power - UPS","TONNANDBLANK\AVD Test Users","Allow","FullControl","True"
"Y:\ttbntfile1\shared\appsdata\groups\24?HospitalFacilitiesEngineering\Franciscan Projects\Power - UPS","TONNANDBLANK\Domain Admins","Allow","FullControl","True"
"Y:\ttbntfile1\shared\appsdata\groups\24?HospitalFacilitiesEngineering\Franciscan Projects\Power - UPS","CREATOR OWNER","Allow","FullControl","True"
"Y:\ttbntfile1\shared\appsdata\groups\24?HospitalFacilitiesEngineering\Franciscan Projects\Power - UPS","BUILTIN\Administrators","Allow","FullControl","True"
"Y:\ttbntfile1\shared\appsdata\groups\24?HospitalFacilitiesEngineering\Franciscan Projects\Power - UPS","NT AUTHORITY\SYSTEM","Allow","FullControl","True"
"Y:\ttbntfile1\shared\appsdata\groups\24?HospitalFacilitiesEngineering\Franciscan Projects\Trane Bid for HVAC Services 2019","TONNANDBLANK\AVD Test Users","Allow","FullControl","True"
"Y:\ttbntfile1\shared\appsdata\groups\24?HospitalFacilitiesEngineering\Franciscan Projects\Trane Bid for HVAC Services 2019","TONNANDBLANK\Domain Admins","Allow","FullControl","True"
"Y:\ttbntfile1\shared\appsdata\groups\24?HospitalFacilitiesEngineering\Franciscan Projects\Trane Bid for HVAC Services 2019","CREATOR OWNER","Allow","FullControl","True"
"Y:\ttbntfile1\shared\appsdata\groups\24?HospitalFacilitiesEngineering\Franciscan Projects\Trane Bid for HVAC Services 2019","BUILTIN\Administrators","Allow","FullControl","True"
"Y:\ttbntfile1\shared\appsdata\groups\24?HospitalFacilitiesEngineering\Franciscan Projects\Trane Bid for HVAC Services 2019","NT AUTHORITY\SYSTEM","Allow","FullControl","True"
"Y:\ttbntfile1\shared\appsdata\groups\24?HospitalFacilitiesEngineering\Franciscan Projects\Energy Savings\HealthTrust","TONNANDBLANK\AVD Test Users","Allow","FullControl","True"
"Y:\ttbntfile1\shared\appsdata\groups\24?HospitalFacilitiesEngineering\Franciscan Projects\Energy Savings\HealthTrust","TONNANDBLANK\Domain Admins","Allow","FullControl","True"
"Y:\ttbntfile1\shared\appsdata\groups\24?HospitalFacilitiesEngineering\Franciscan Projects\Energy Savings\HealthTrust","CREATOR OWNER","Allow","FullControl","True"
"Y:\ttbntfile1\shared\appsdata\groups\24?HospitalFacilitiesEngineering\Franciscan Projects\Energy Savings\HealthTrust","BUILTIN\Administrators","Allow","FullControl","True"
"Y:\ttbntfile1\shared\appsdata\groups\24?HospitalFacilitiesEngineering\Franciscan Projects\Energy Savings\HealthTrust","NT AUTHORITY\SYSTEM","Allow","FullControl","True"
"Y:\ttbntfile1\shared\appsdata\groups\24?HospitalFacilitiesEngineering\Franciscan Projects\Landscaping Project\Lakeshore Data","TONNANDBLANK\AVD Test Users","Allow","FullControl","True"
"Y:\ttbntfile1\shared\appsdata\groups\24?HospitalFacilitiesEngineering\Franciscan Projects\Landscaping Project\Lakeshore Data","TONNANDBLANK\Domain Admins","Allow","FullControl","True"
"Y:\ttbntfile1\shared\appsdata\groups\24?HospitalFacilitiesEngineering\Franciscan Projects\Landscaping Project\Lakeshore Data","CREATOR OWNER","Allow","FullControl","True"
"Y:\ttbntfile1\shared\appsdata\groups\24?HospitalFacilitiesEngineering\Franciscan Projects\Landscaping Project\Lakeshore Data","BUILTIN\Administrators","Allow","FullControl","True"
"Y:\ttbntfile1\shared\appsdata\groups\24?HospitalFacilitiesEngineering\Franciscan Projects\Landscaping Project\Lakeshore Data","NT AUTHORITY\SYSTEM","Allow","FullControl","True"
"Y:\ttbntfile1\shared\appsdata\groups\24?HospitalFacilitiesEngineering\Franciscan Projects\Landscaping Project\Valuation Information","TONNANDBLANK\AVD Test Users","Allow","FullControl","True"
"Y:\ttbntfile1\shared\appsdata\groups\24?HospitalFacilitiesEngineering\Franciscan Projects\Landscaping Project\Valuation Information","TONNANDBLANK\Domain Admins","Allow","FullControl","True"
"Y:\ttbntfile1\shared\appsdata\groups\24?HospitalFacilitiesEngineering\Franciscan Projects\Landscaping Project\Valuation Information","CREATOR OWNER","Allow","FullControl","True"
"Y:\ttbntfile1\shared\appsdata\groups\24?HospitalFacilitiesEngineering\Franciscan Projects\Landscaping Project\Valuation Information","BUILTIN\Administrators","Allow","FullControl","True"
"Y:\ttbntfile1\shared\appsdata\groups\24?HospitalFacilitiesEngineering\Franciscan Projects\Landscaping Project\Valuation Information","NT AUTHORITY\SYSTEM","Allow","FullControl","True"
"Y:\ttbntfile1\shared\appsdata\groups\24?HospitalFacilitiesEngineering\Franciscan Projects\Landscaping Project\Lakeshore Data\Sales Tax","TONNANDBLANK\AVD Test Users","Allow","FullControl","True"
"Y:\ttbntfile1\shared\appsdata\groups\24?HospitalFacilitiesEngineering\Franciscan Projects\Landscaping Project\Lakeshore Data\Sales Tax","TONNANDBLANK\Domain Admins","Allow","FullControl","True"
"Y:\ttbntfile1\shared\appsdata\groups\24?HospitalFacilitiesEngineering\Franciscan Projects\Landscaping Project\Lakeshore Data\Sales Tax","CREATOR OWNER","Allow","FullControl","True"
"Y:\ttbntfile1\shared\appsdata\groups\24?HospitalFacilitiesEngineering\Franciscan Projects\Landscaping Project\Lakeshore Data\Sales Tax","BUILTIN\Administrators","Allow","FullControl","True"
"Y:\ttbntfile1\shared\appsdata\groups\24?HospitalFacilitiesEngineering\Franciscan Projects\Landscaping Project\Lakeshore Data\Sales Tax","NT AUTHORITY\SYSTEM","Allow","FullControl","True"
"Y:\ttbntfile1\shared\appsdata\groups\24?HospitalFacilitiesEngineering\Franciscan Projects\Landscaping Project\Valuation Information\Sales Tax","TONNANDBLANK\AVD Test Users","Allow","FullControl","True"
"Y:\ttbntfile1\shared\appsdata\groups\24?HospitalFacilitiesEngineering\Franciscan Projects\Landscaping Project\Valuation Information\Sales Tax","TONNANDBLANK\Domain Admins","Allow","FullControl","True"
"Y:\ttbntfile1\shared\appsdata\groups\24?HospitalFacilitiesEngineering\Franciscan Projects\Landscaping Project\Valuation Information\Sales Tax","CREATOR OWNER","Allow","FullControl","True"
"Y:\ttbntfile1\shared\appsdata\groups\24?HospitalFacilitiesEngineering\Franciscan Projects\Landscaping Project\Valuation Information\Sales Tax","BUILTIN\Administrators","Allow","FullControl","True"
"Y:\ttbntfile1\shared\appsdata\groups\24?HospitalFacilitiesEngineering\Franciscan Projects\Landscaping Project\Valuation Information\Sales Tax","NT AUTHORITY\SYSTEM","Allow","FullControl","True"
"Y:\ttbntfile1\shared\appsdata\groups\24?HospitalFacilitiesEngineering\Franciscan Projects\Position Descriptions and Comp\Budget 2021","TONNANDBLANK\AVD Test Users","Allow","FullControl","True"
"Y:\ttbntfile1\shared\appsdata\groups\24?HospitalFacilitiesEngineering\Franciscan Projects\Position Descriptions and Comp\Budget 2021","TONNANDBLANK\Domain Admins","Allow","FullControl","True"
"Y:\ttbntfile1\shared\appsdata\groups\24?HospitalFacilitiesEngineering\Franciscan Projects\Position Descriptions and Comp\Budget 2021","CREATOR OWNER","Allow","FullControl","True"
"Y:\ttbntfile1\shared\appsdata\groups\24?HospitalFacilitiesEngineering\Franciscan Projects\Position Descriptions and Comp\Budget 2021","BUILTIN\Administrators","Allow","FullControl","True"
"Y:\ttbntfile1\shared\appsdata\groups\24?HospitalFacilitiesEngineering\Franciscan Projects\Position Descriptions and Comp\Budget 2021","NT AUTHORITY\SYSTEM","Allow","FullControl","True"
"Y:\ttbntfile1\shared\appsdata\groups\24?HospitalFacilitiesEngineering\Incidents\Stryker - Dyer 02_2021","TONNANDBLANK\AVD Test Users","Allow","FullControl","True"
"Y:\ttbntfile1\shared\appsdata\groups\24?HospitalFacilitiesEngineering\Incidents\Stryker - Dyer 02_2021","TONNANDBLANK\Domain Admins","Allow","FullControl","True"
"Y:\ttbntfile1\shared\appsdata\groups\24?HospitalFacilitiesEngineering\Incidents\Stryker - Dyer 02_2021","CREATOR OWNER","Allow","FullControl","True"
"Y:\ttbntfile1\shared\appsdata\groups\24?HospitalFacilitiesEngineering\Incidents\Stryker - Dyer 02_2021","BUILTIN\Administrators","Allow","FullControl","True"
"Y:\ttbntfile1\shared\appsdata\groups\24?HospitalFacilitiesEngineering\Incidents\Stryker - Dyer 02_2021","NT AUTHORITY\SYSTEM","Allow","FullControl","True"
"Y:\ttbntfile1\shared\appsdata\groups\24?HospitalFacilitiesEngineering\Incidents\Stryker - Dyer 02_2021\Pictures","TONNANDBLANK\AVD Test Users","Allow","FullControl","True"
"Y:\ttbntfile1\shared\appsdata\groups\24?HospitalFacilitiesEngineering\Incidents\Stryker - Dyer 02_2021\Pictures","TONNANDBLANK\Domain Admins","Allow","FullControl","True"
"Y:\ttbntfile1\shared\appsdata\groups\24?HospitalFacilitiesEngineering\Incidents\Stryker - Dyer 02_2021\Pictures","CREATOR OWNER","Allow","FullControl","True"
"Y:\ttbntfile1\shared\appsdata\groups\24?HospitalFacilitiesEngineering\Incidents\Stryker - Dyer 02_2021\Pictures","BUILTIN\Administrators","Allow","FullControl","True"
"Y:\ttbntfile1\shared\appsdata\groups\24?HospitalFacilitiesEngineering\Incidents\Stryker - Dyer 02_2021\Pictures","NT AUTHORITY\SYSTEM","Allow","FullControl","True"
"Y:\ttbntfile1\shared\appsdata\groups\24?HospitalFacilitiesEngineering\Incidents\Stryker - Dyer 02_2021\Pictures\Foreign Object","TONNANDBLANK\AVD Test Users","Allow","FullControl","True"
"Y:\ttbntfile1\shared\appsdata\groups\24?HospitalFacilitiesEngineering\Incidents\Stryker - Dyer 02_2021\Pictures\Foreign Object","TONNANDBLANK\Domain Admins","Allow","FullControl","True"
"Y:\ttbntfile1\shared\appsdata\groups\24?HospitalFacilitiesEngineering\Incidents\Stryker - Dyer 02_2021\Pictures\Foreign Object","CREATOR OWNER","Allow","FullControl","True"
"Y:\ttbntfile1\shared\appsdata\groups\24?HospitalFacilitiesEngineering\Incidents\Stryker - Dyer 02_2021\Pictures\Foreign Object","BUILTIN\Administrators","Allow","FullControl","True"
"Y:\ttbntfile1\shared\appsdata\groups\24?HospitalFacilitiesEngineering\Incidents\Stryker - Dyer 02_2021\Pictures\Foreign Object","NT AUTHORITY\SYSTEM","Allow","FullControl","True"
"Y:\ttbntfile1\shared\appsdata\groups\24?HospitalFacilitiesEngineering\Incidents\Stryker - Dyer 02_2021\Pictures\OR #5","TONNANDBLANK\AVD Test Users","Allow","FullControl","True"
"Y:\ttbntfile1\shared\appsdata\groups\24?HospitalFacilitiesEngineering\Incidents\Stryker - Dyer 02_2021\Pictures\OR #5","TONNANDBLANK\Domain Admins","Allow","FullControl","True"
"Y:\ttbntfile1\shared\appsdata\groups\24?HospitalFacilitiesEngineering\Incidents\Stryker - Dyer 02_2021\Pictures\OR #5","CREATOR OWNER","Allow","FullControl","True"
"Y:\ttbntfile1\shared\appsdata\groups\24?HospitalFacilitiesEngineering\Incidents\Stryker - Dyer 02_2021\Pictures\OR #5","BUILTIN\Administrators","Allow","FullControl","True"
"Y:\ttbntfile1\shared\appsdata\groups\24?HospitalFacilitiesEngineering\Incidents\Stryker - Dyer 02_2021\Pictures\OR #5","NT AUTHORITY\SYSTEM","Allow","FullControl","True"
"Y:\ttbntfile1\shared\appsdata\groups\24?HospitalFacilitiesEngineering\Site Files-Trackers\CIR","TONNANDBLANK\AVD Test Users","Allow","FullControl","True"
"Y:\ttbntfile1\shared\appsdata\groups\24?HospitalFacilitiesEngineering\Site Files-Trackers\CIR","TONNANDBLANK\Domain Admins","Allow","FullControl","True"
"Y:\ttbntfile1\shared\appsdata\groups\24?HospitalFacilitiesEngineering\Site Files-Trackers\CIR","CREATOR OWNER","Allow","FullControl","True"
"Y:\ttbntfile1\shared\appsdata\groups\24?HospitalFacilitiesEngineering\Site Files-Trackers\CIR","BUILTIN\Administrators","Allow","FullControl","True"
"Y:\ttbntfile1\shared\appsdata\groups\24?HospitalFacilitiesEngineering\Site Files-Trackers\CIR","NT AUTHORITY\SYSTEM","Allow","FullControl","True"
"Y:\ttbntfile1\shared\appsdata\groups\24?HospitalFacilitiesEngineering\Site Files-Trackers\Crown Point","TONNANDBLANK\AVD Test Users","Allow","FullControl","True"
"Y:\ttbntfile1\shared\appsdata\groups\24?HospitalFacilitiesEngineering\Site Files-Trackers\Crown Point","TONNANDBLANK\Domain Admins","Allow","FullControl","True"
"Y:\ttbntfile1\shared\appsdata\groups\24?HospitalFacilitiesEngineering\Site Files-Trackers\Crown Point","CREATOR OWNER","Allow","FullControl","True"
"Y:\ttbntfile1\shared\appsdata\groups\24?HospitalFacilitiesEngineering\Site Files-Trackers\Crown Point","BUILTIN\Administrators","Allow","FullControl","True"
"Y:\ttbntfile1\shared\appsdata\groups\24?HospitalFacilitiesEngineering\Site Files-Trackers\Crown Point","NT AUTHORITY\SYSTEM","Allow","FullControl","True"
"Y:\ttbntfile1\shared\appsdata\groups\24?HospitalFacilitiesEngineering\Site Files-Trackers\DHM","TONNANDBLANK\AVD Test Users","Allow","FullControl","True"
"Y:\ttbntfile1\shared\appsdata\groups\24?HospitalFacilitiesEngineering\Site Files-Trackers\DHM","TONNANDBLANK\Domain Admins","Allow","FullControl","True"
"Y:\ttbntfile1\shared\appsdata\groups\24?HospitalFacilitiesEngineering\Site Files-Trackers\DHM","CREATOR OWNER","Allow","FullControl","True"
"Y:\ttbntfile1\shared\appsdata\groups\24?HospitalFacilitiesEngineering\Site Files-Trackers\DHM","BUILTIN\Administrators","Allow","FullControl","True"
"Y:\ttbntfile1\shared\appsdata\groups\24?HospitalFacilitiesEngineering\Site Files-Trackers\DHM","NT AUTHORITY\SYSTEM","Allow","FullControl","True"
"Y:\ttbntfile1\shared\appsdata\groups\24?HospitalFacilitiesEngineering\Site Files-Trackers\Michigan City","TONNANDBLANK\AVD Test Users","Allow","FullControl","True"
"Y:\ttbntfile1\shared\appsdata\groups\24?HospitalFacilitiesEngineering\Site Files-Trackers\Michigan City","TONNANDBLANK\Domain Admins","Allow","FullControl","True"
"Y:\ttbntfile1\shared\appsdata\groups\24?HospitalFacilitiesEngineering\Site Files-Trackers\Michigan City","CREATOR OWNER","Allow","FullControl","True"
"Y:\ttbntfile1\shared\appsdata\groups\24?HospitalFacilitiesEngineering\Site Files-Trackers\Michigan City","BUILTIN\Administrators","Allow","FullControl","True"
"Y:\ttbntfile1\shared\appsdata\groups\24?HospitalFacilitiesEngineering\Site Files-Trackers\Michigan City","NT AUTHORITY\SYSTEM","Allow","FullControl","True"
"Y:\ttbntfile1\shared\appsdata\groups\24?HospitalFacilitiesEngineering\Site Files-Trackers\Olympia Fields","TONNANDBLANK\AVD Test Users","Allow","FullControl","True"
"Y:\ttbntfile1\shared\appsdata\groups\24?HospitalFacilitiesEngineering\Site Files-Trackers\Olympia Fields","TONNANDBLANK\Domain Admins","Allow","FullControl","True"
"Y:\ttbntfile1\shared\appsdata\groups\24?HospitalFacilitiesEngineering\Site Files-Trackers\Olympia Fields","CREATOR OWNER","Allow","FullControl","True"
"Y:\ttbntfile1\shared\appsdata\groups\24?HospitalFacilitiesEngineering\Site Files-Trackers\Olympia Fields","BUILTIN\Administrators","Allow","FullControl","True"
"Y:\ttbntfile1\shared\appsdata\groups\24?HospitalFacilitiesEngineering\Site Files-Trackers\Olympia Fields","NT AUTHORITY\SYSTEM","Allow","FullControl","True"
"Y:\ttbntfile1\shared\appsdata\groups\24?HospitalFacilitiesEngineering\Site Files-Trackers\Trackers","TONNANDBLANK\AVD Test Users","Allow","FullControl","True"
"Y:\ttbntfile1\shared\appsdata\groups\24?HospitalFacilitiesEngineering\Site Files-Trackers\Trackers","TONNANDBLANK\Domain Admins","Allow","FullControl","True"
"Y:\ttbntfile1\shared\appsdata\groups\24?HospitalFacilitiesEngineering\Site Files-Trackers\Trackers","CREATOR OWNER","Allow","FullControl","True"
"Y:\ttbntfile1\shared\appsdata\groups\24?HospitalFacilitiesEngineering\Site Files-Trackers\Trackers","BUILTIN\Administrators","Allow","FullControl","True"
"Y:\ttbntfile1\shared\appsdata\groups\24?HospitalFacilitiesEngineering\Site Files-Trackers\Trackers","NT AUTHORITY\SYSTEM","Allow","FullControl","True"
"Y:\ttbntfile1\shared\appsdata\groups\24?HospitalFacilitiesEngineering\Site Files-Trackers\WIR","TONNANDBLANK\AVD Test Users","Allow","FullControl","True"
"Y:\ttbntfile1\shared\appsdata\groups\24?HospitalFacilitiesEngineering\Site Files-Trackers\WIR","TONNANDBLANK\Domain Admins","Allow","FullControl","True"
"Y:\ttbntfile1\shared\appsdata\groups\24?HospitalFacilitiesEngineering\Site Files-Trackers\WIR","CREATOR OWNER","Allow","FullControl","True"
"Y:\ttbntfile1\shared\appsdata\groups\24?HospitalFacilitiesEngineering\Site Files-Trackers\WIR","BUILTIN\Administrators","Allow","FullControl","True"
"Y:\ttbntfile1\shared\appsdata\groups\24?HospitalFacilitiesEngineering\Site Files-Trackers\WIR","NT AUTHORITY\SYSTEM","Allow","FullControl","True"
"Y:\ttbntfile1\shared\appsdata\groups\24?HospitalFacilitiesEngineering\Site Files-Trackers\DHM\Dyer","TONNANDBLANK\AVD Test Users","Allow","FullControl","True"
"Y:\ttbntfile1\shared\appsdata\groups\24?HospitalFacilitiesEngineering\Site Files-Trackers\DHM\Dyer","TONNANDBLANK\Domain Admins","Allow","FullControl","True"
"Y:\ttbntfile1\shared\appsdata\groups\24?HospitalFacilitiesEngineering\Site Files-Trackers\DHM\Dyer","CREATOR OWNER","Allow","FullControl","True"
"Y:\ttbntfile1\shared\appsdata\groups\24?HospitalFacilitiesEngineering\Site Files-Trackers\DHM\Dyer","BUILTIN\Administrators","Allow","FullControl","True"
"Y:\ttbntfile1\shared\appsdata\groups\24?HospitalFacilitiesEngineering\Site Files-Trackers\DHM\Dyer","NT AUTHORITY\SYSTEM","Allow","FullControl","True"
"Y:\ttbntfile1\shared\appsdata\groups\24?HospitalFacilitiesEngineering\Site Files-Trackers\DHM\Hammond","TONNANDBLANK\AVD Test Users","Allow","FullControl","True"
"Y:\ttbntfile1\shared\appsdata\groups\24?HospitalFacilitiesEngineering\Site Files-Trackers\DHM\Hammond","TONNANDBLANK\Domain Admins","Allow","FullControl","True"
"Y:\ttbntfile1\shared\appsdata\groups\24?HospitalFacilitiesEngineering\Site Files-Trackers\DHM\Hammond","CREATOR OWNER","Allow","FullControl","True"
"Y:\ttbntfile1\shared\appsdata\groups\24?HospitalFacilitiesEngineering\Site Files-Trackers\DHM\Hammond","BUILTIN\Administrators","Allow","FullControl","True"
"Y:\ttbntfile1\shared\appsdata\groups\24?HospitalFacilitiesEngineering\Site Files-Trackers\DHM\Hammond","NT AUTHORITY\SYSTEM","Allow","FullControl","True"
"Y:\ttbntfile1\shared\appsdata\groups\24?HospitalFacilitiesEngineering\Site Files-Trackers\DHM\Munster","TONNANDBLANK\AVD Test Users","Allow","FullControl","True"
"Y:\ttbntfile1\shared\appsdata\groups\24?HospitalFacilitiesEngineering\Site Files-Trackers\DHM\Munster","TONNANDBLANK\Domain Admins","Allow","FullControl","True"
"Y:\ttbntfile1\shared\appsdata\groups\24?HospitalFacilitiesEngineering\Site Files-Trackers\DHM\Munster","CREATOR OWNER","Allow","FullControl","True"
"Y:\ttbntfile1\shared\appsdata\groups\24?HospitalFacilitiesEngineering\Site Files-Trackers\DHM\Munster","BUILTIN\Administrators","Allow","FullControl","True"
"Y:\ttbntfile1\shared\appsdata\groups\24?HospitalFacilitiesEngineering\Site Files-Trackers\DHM\Munster","NT AUTHORITY\SYSTEM","Allow","FullControl","True"
"Y:\ttbntfile1\shared\appsdata\groups\24?HospitalFacilitiesEngineering\Strategy and Planning\2021 Capital Plans","TONNANDBLANK\AVD Test Users","Allow","FullControl","True"
"Y:\ttbntfile1\shared\appsdata\groups\24?HospitalFacilitiesEngineering\Strategy and Planning\2021 Capital Plans","TONNANDBLANK\Domain Admins","Allow","FullControl","True"
"Y:\ttbntfile1\shared\appsdata\groups\24?HospitalFacilitiesEngineering\Strategy and Planning\2021 Capital Plans","CREATOR OWNER","Allow","FullControl","True"
"Y:\ttbntfile1\shared\appsdata\groups\24?HospitalFacilitiesEngineering\Strategy and Planning\2021 Capital Plans","BUILTIN\Administrators","Allow","FullControl","True"
"Y:\ttbntfile1\shared\appsdata\groups\24?HospitalFacilitiesEngineering\Strategy and Planning\2021 Capital Plans","NT AUTHORITY\SYSTEM","Allow","FullControl","True"
